class_id,class_name,precision,recall,ap50,ap50_95
0,국밥류,0.9527674885926755,1.0,0.995,0.9949999999999999
1,일반밥류,0.8763152262779635,1.0,0.995,0.9949999999999999
