class_id,class_name,precision,recall,ap50,ap50_95
0,국밥류,0.9453142194632536,1.0,0.995,0.9949999999999999
1,일반밥류,0.8154598570767163,1.0,0.995,0.9949999999999999
